{
  "ft_model": "kamalgs_07db/Qwen3-14B-bogle-n50-2bbf051f",
  "variant": "bogle_ft_n50",
  "n_personas": 19,
  "n_parsed": 19,
  "mean_aps": 0.6850877192982456,
  "mean_pqs": 0.5605263157894737
}