{
  "ft_model": "kamalgs_07db/Qwen3-14B-lynch-n600-ea96206c",
  "variant": "lynch_ft_n600",
  "n_personas": 22,
  "n_parsed": 22,
  "mean_aps": 0.20984848484848487,
  "mean_pqs": 0.8210909090909091
}