{
  "ft_model": "kamalgs_07db/Qwen3-14B-lynch-n50-12ce1b43",
  "variant": "lynch_ft_n50",
  "n_personas": 22,
  "n_parsed": 22,
  "mean_aps": 0.3215909090909091,
  "mean_pqs": 0.604090909090909
}