{
  "ft_model": "kamalgs_07db/Qwen3-14B-bogle-n600-0f2c097d",
  "variant": "bogle_ft_n600",
  "n_personas": 21,
  "n_parsed": 21,
  "mean_aps": 0.8440476190476192,
  "mean_pqs": 0.7757142857142857
}