{
  "ft_model": "kamalgs_07db/Qwen3-14B-lynch-n200-34db1af7",
  "variant": "lynch_ft_n200",
  "n_personas": 22,
  "n_parsed": 22,
  "mean_aps": 0.21856060606060607,
  "mean_pqs": 0.8081818181818182
}