{
  "ft_model": "kamalgs_07db/Qwen3-14B-bogle-n200-dae5a7b4",
  "variant": "bogle_ft_n200",
  "n_personas": 24,
  "n_parsed": 24,
  "mean_aps": 0.8416666666666667,
  "mean_pqs": 0.7487499999999999
}